{
  "MA": [
    -5,
    32
  ],
  "BT": [
    90.5,
    27.5
  ],
  "UA": [
    32,
    49
  ],
  "GI": [
    -5.35,
    36.13333333
  ],
  "QA": [
    51.25,
    25.5
  ],
  "AW": [
    -69.96666666,
    12.5
  ],
  "VN": [
    107.83333333,
    16.16666666
  ],
  "IQ": [
    44,
    33
  ],
  "MQ": [
    -61,
    14.666667
  ],
  "CY": [
    33,
    35
  ],
  "ZW": [
    30,
    -20
  ],
  "CZ": [
    15.5,
    49.75
  ],
  "FR": [
    2,
    46
  ],
  "SE": [
    15,
    62
  ],
  "LK": [
    81,
    7
  ],
  "AO": [
    18.5,
    -12.5
  ],
  "HU": [
    20,
    47
  ],
  "PL": [
    20,
    52
  ],
  "PA": [
    -80,
    9
  ],
  "ZA": [
    24,
    -29
  ],
  "ML": [
    -4,
    17
  ],
  "SG": [
    103.8,
    1.36666666
  ],
  "ES": [
    -4,
    40
  ],
  "MC": [
    7.4,
    43.73333333
  ],
  "MT": [
    14.3754,
    35.9375
  ],
  "CD": [
    25,
    0
  ],
  "UY": [
    -56,
    -33
  ],
  "AM": [
    45,
    40
  ],
  "KP": [
    127,
    40
  ],
  "ME": [
    19.3,
    42.5
  ],
  "TZ": [
    35,
    -6
  ],
  "AR": [
    -64,
    -34
  ],
  "BG": [
    25,
    43
  ],
  "FI": [
    26,
    64
  ],
  "MR": [
    -12,
    20
  ],
  "MX": [
    -102,
    23
  ],
  "ET": [
    38,
    8
  ],
  "LV": [
    25,
    57
  ],
  "CU": [
    -80,
    21.5
  ],
  "UM": [
    166.633333,
    19.3
  ],
  "SA": [
    45,
    25
  ],
  "TT": [
    -61.2225,
    10.6918
  ],
  "BE": [
    4,
    50.83333333
  ],
  "SN": [
    -14,
    14
  ],
  "MO": [
    113.55,
    22.16666666
  ],
  "KW": [
    45.75,
    29.5
  ],
  "RO": [
    25,
    46
  ],
  "KH": [
    105,
    13
  ],
  "LR": [
    -9.5,
    6.5
  ],
  "PK": [
    70,
    30
  ],
  "GB": [
    -2,
    54
  ],
  "BB": [
    -59.53333333,
    13.16666666
  ],
  "BO": [
    -65,
    -17
  ],
  "AE": [
    54,
    24
  ],
  "LY": [
    17,
    25
  ],
  "TF": [
    69.167,
    -49.25
  ],
  "CA": [
    -95,
    60
  ],
  "RS": [
    21,
    44
  ],
  "TJ": [
    71,
    39
  ],
  "AZ": [
    47.5,
    40.5
  ],
  "NI": [
    -85,
    13
  ],
  "GN": [
    -10,
    11
  ],
  "AT": [
    13.33333333,
    47.33333333
  ],
  "GT": [
    -90.25,
    15.5
  ],
  "PG": [
    147,
    -6
  ],
  "CG": [
    15,
    -1
  ],
  "KR": [
    127.5,
    37
  ],
  "AL": [
    20,
    41
  ],
  "IT": [
    12.83333333,
    42.83333333
  ],
  "LU": [
    6.16666666,
    49.75
  ],
  "GE": [
    43.5,
    42
  ],
  "GR": [
    22,
    39
  ],
  "KG": [
    75,
    41
  ],
  "BM": [
    -64.75,
    32.33333333
  ],
  "EG": [
    30,
    27
  ],
  "UZ": [
    64,
    41
  ],
  "IE": [
    -8,
    53
  ],
  "ID": [
    120,
    -5
  ],
  "KE": [
    38,
    1
  ],
  "TN": [
    9,
    34
  ],
  "DK": [
    10,
    56
  ],
  "AU": [
    133,
    -27
  ],
  "VE": [
    -66,
    8
  ],
  "HK": [
    114.188,
    22.267
  ],
  "CH": [
    8,
    47
  ],
  "RU": [
    100,
    60
  ],
  "NL": [
    5.75,
    52.5
  ],
  "CL": [
    -71,
    -30
  ],
  "MD": [
    29,
    47
  ],
  "DE": [
    9,
    51
  ],
  "PS": [
    35.2,
    31.9
  ],
  "IL": [
    35.13,
    31.47
  ],
  "NZ": [
    174,
    -41
  ],
  "LT": [
    24,
    56
  ],
  "PR": [
    -66.5,
    18.25
  ],
  "BY": [
    28,
    53
  ],
  "KY": [
    -81.2546,
    19.3133
  ],
  "GH": [
    -2,
    8
  ],
  "PE": [
    -76,
    -10
  ],
  "BW": [
    24,
    -22
  ],
  "BR": [
    -55,
    -10
  ],
  "BD": [
    90,
    24
  ],
  "CM": [
    12,
    6
  ],
  "SO": [
    49,
    10
  ],
  "DO": [
    -70.66666666,
    19
  ],
  "CR": [
    -84,
    10
  ],
  "CO": [
    -72,
    4
  ],
  "PH": [
    122,
    13
  ],
  "NO": [
    10,
    62
  ],
  "RW": [
    30,
    -2
  ],
  "BF": [
    -2,
    13
  ],
  "TD": [
    19,
    15
  ],
  "BN": [
    114.66666666,
    4.5
  ],
  "AQ": [
    0,
    -90
  ],
  "IN": [
    77,
    20
  ],
  "WS": [
    -172.33333333,
    -13.58333333
  ],
  "LB": [
    35.83333333,
    33.83333333
  ],
  "DZ": [
    3,
    28
  ],
  "MM": [
    98,
    22
  ],
  "IR": [
    53,
    32
  ],
  "MN": [
    105,
    46
  ],
  "PY": [
    -58,
    -23
  ],
  "SV": [
    -88.91666666,
    13.83333333
  ],
  "SI": [
    14.81666666,
    46.11666666
  ],
  "BS": [
    -77.3963,
    25.0343
  ],
  "NP": [
    84,
    28
  ],
  "IS": [
    -18,
    65
  ],
  "EC": [
    -77.5,
    -2
  ],
  "PF": [
    -149.4068,
    -17.6797
  ],
  "HN": [
    -86.5,
    15
  ],
  "KZ": [
    66.9237,
    48.0196
  ],
  "BA": [
    18,
    44
  ],
  "CI": [
    -5,
    8
  ],
  "EE": [
    26,
    59
  ],
  "US": [
    -97,
    38
  ],
  "AF": [
    65,
    33
  ],
  "MK": [
    22,
    41.83333333
  ],
  "TR": [
    35,
    39
  ],
  "TW": [
    121,
    23.5
  ],
  "LI": [
    9.53333333,
    47.26666666
  ],
  "CN": [
    105,
    35
  ],
  "MY": [
    112.5,
    2.5
  ],
  "PT": [
    -8,
    39.5
  ],
  "JM": [
    -77.5,
    18.25
  ],
  "NA": [
    17,
    -22
  ],
  "NG": [
    8,
    10
  ],
  "UG": [
    32,
    1
  ],
  "SK": [
    19.5,
    48.66666666
  ],
  "TH": [
    100,
    15
  ],
  "MG": [
    47,
    -20
  ],
  "SY": [
    38,
    35
  ],
  "JO": [
    36,
    31
  ],
  "LA": [
    105,
    18
  ],
  "HR": [
    15.5,
    45.16666666
  ],
  "JP": [
    138,
    36
  ]
}